sub,day,condition,button,jhana,ch_name,n_epochs_x,n_channels_x,Mean_SCL,Num_SCRs,Mean_SCR_Amplitude,Mean_HR,SDNN,RMSSD,LF,HF,LF_HF_Ratio,Mean_RR,Mean_Amplitude,Mean_Cycle_Duration,RR_Variability,Amplitude_Variability,Cycle_Duration_Variability,n_epochs_y,n_channels_y,lempel_ziv_norm,permutation_entropy,spectral_entropy,sample_entropy,hjorth_mobility,hjorth_complexity,nk_fsi,nk_lle,nk_sampen,nk_pen,nk_lzc,delta,theta,alpha,beta,gamma,global_standard,order2,jhana_strength_nimitta,jhana_stabilit_j1,jhana_stabilit_j2,jhana_stabilit_j3,jhana_stabilit_j4,jhana_stabilit_jbeeps,jhana_fading_j1,jhana_fading_j2,jhana_fading_j3,jhana_fading_j4,jhana_fading_beeps,jhana_choice_beeps,jhana_beep_distraction,mindfulness_stability_before_beeps,mindfulness_stability_during_beeps,mindfulness_fading_before_beeps,mindfulness_fading_during_beeps,mindfulness_jhana_before_beeps,mindfulness_jhana_during_beeps,mindfulness_beep_distraction,dat,MODTAS_sum,MODTAS_sum_repeated,dat_average,meditation_depth_before,meditation_depth_mean
0,day1,jhana,all,all,,,,6.717,388104,10.737,82.281,31.021,17.644,5.221,2.246,2.324,10.677,1.76,5.768,1.733,0.225,0.939,369.0,30.0,0.5773166666666667,0.9601966666666667,0.6290666666666667,1.3022266666666666,0.43593,3.3729099999999996,1.99552,7.809143333333334,1.3016433333333335,0.9601966666666667,0.64066,14.031113333333334,4.315323333333334,23.180799999999998,1.8658033333333333,0.28958666666666666,1.0,1.0,1.5,2.0,0.0,0.0,0.0,,0.0,0.0,0.0,0.0,0.0,,10.0,,,,,,,,8.57797,80.0,80.0,8.28744125,2.0,2.0
0,day1,mindfulness,all,all,,,,7.618,384784,2.995,75.522,38.887,24.104,15.98,5.826,2.743,9.75,2.056,6.468,2.192,0.279,1.463,369.0,30.0,0.62580625,0.952709375,0.651571875,1.389146875,0.48948125,2.93200625,2.040825,7.5374375,1.388534375,0.952709375,0.561621875,8.071859375,3.945759375,21.95975625,1.879171875,0.315096875,1.0,2.0,,,,,,,,,,,,,,7.0,5.0,5.0,9.0,0.0,0.0,7.0,7.80177,,80.0,,7.0,6.0
0,day2,jhana,all,all,,,,3.658,384808,22.639,86.096,25.155,15.12,18.323,8.187,2.238,10.776,0.951,5.798,2.117,0.141,1.233,434.0,32.0,0.7334655172413792,0.9769827586206896,0.7249275862068966,1.6290931034482758,0.6429448275862069,2.4429413793103447,2.1521275862068965,6.736875862068966,1.6284551724137932,0.9769827586206896,0.6958862068965518,6.345927586206897,2.8852344827586203,15.722172413793103,1.3478827586206896,0.3955758620689655,2.0,2.0,8.0,4.0,,,,,,,,,,,8.0,,,,,,,,7.95944,,80.0,,4.0,4.0
0,day2,mindfulness,all,all,,,,4.157,381888,20.543,86.339,26.007,15.159,14.556,5.152,2.825,12.119,0.804,5.152,2.413,0.113,1.054,416.0,29.0,0.5518,0.9375652173913044,0.6163260869565217,1.208786956521739,0.39449999999999996,3.3553913043478265,1.9872826086956523,8.202917391304348,1.2082217391304348,0.9375652173913044,0.6294521739130434,10.448495652173914,4.309699999999999,21.32574347826087,1.8436217391304348,0.21592173913043478,2.0,1.0,,,,,,,,,,,,,,6.0,3.0,5.0,2.0,0.0,0.0,8.0,8.37795,,80.0,,6.0,4.5
0,day3,jhana,all,all,,,,4.409,384720,18.071,87.795,23.939,12.455,5.567,2.094,2.658,12.213,1.507,5.066,2.136,0.237,0.904,349.0,23.0,0.6844172413793103,0.9657551724137932,0.6918620689655173,1.5079068965517242,0.5707862068965518,2.6988206896551725,2.1619827586206894,7.107027586206897,1.507303448275862,0.9657551724137932,0.6304758620689654,7.141279310344828,3.669989655172414,19.143944827586207,1.5976724137931035,0.3808965517241379,1.0,1.0,,4.0,,,,,,,,,,,8.0,,,,,,,,7.94771,,80.0,,4.0,4.0
0,day3,mindfulness,all,all,,,,3.909,389128,3.19,84.961,22.269,13.064,14.042,5.677,2.474,13.573,1.645,4.682,3.074,0.414,1.218,419.0,29.0,0.638096875,0.9589125000000001,0.6600374999999999,1.423921875,0.504865625,2.895296875,2.06671875,7.373671875,1.4233125,0.9589125000000001,0.574103125,7.930878125,3.655984375,20.24715625,1.87155,0.293334375,1.0,2.0,,,,,,,,,,,,,,3.0,3.0,3.0,3.0,0.0,0.0,2.0,8.6011,,80.0,,3.0,3.0
0,day4,jhana,all,all,,,,2.971,393968,8.045,84.57,31.73,13.23,1.139,0.519,2.196,11.847,0.886,5.247,2.201,0.174,1.025,448.0,32.0,0.5619142857142857,0.9594607142857142,0.626057142857143,1.2727249999999999,0.42306785714285716,3.4673535714285713,1.9312892857142856,8.016828571428572,1.2721250000000002,0.9594607142857142,0.4617785714285714,13.165042857142856,4.272057142857142,19.02487142857143,1.2700928571428574,0.26412142857142856,2.0,2.0,,6.0,,,,,6.0,,,,,,5.0,,,,,,,,8.42984,,80.0,,6.0,6.0
0,day4,mindfulness,all,all,,,,4.124,388768,16.895,85.379,25.733,13.213,14.93,4.15,3.598,11.626,1.349,5.474,2.884,1.672,1.323,410.0,28.0,0.5456807692307692,0.9500884615384616,0.6037307692307692,1.21945,0.3997269230769231,3.525888461538462,1.9209423076923076,8.23676923076923,1.218876923076923,0.9500884615384616,0.4848153846153846,23.473315384615383,4.953019230769231,23.391853846153847,1.809253846153846,0.29941153846153845,2.0,1.0,,,,,,,,,,,,,,6.0,2.0,3.0,3.0,0.0,0.0,5.0,8.60375,,80.0,,6.0,4.0
1,day1,jhana,all,all,,,,10.489,388088,3.909,73.378,18.152,8.944,3.244,1.206,2.69,16.963,0.308,4.177,6.001,0.33,2.076,360.0,26.0,0.4964703703703704,0.9306111111111112,0.6099888888888889,1.0469481481481482,0.35205555555555557,3.9914925925925924,1.9696333333333333,8.97957037037037,1.0464185185185184,0.9306111111111112,0.4174148148148148,17.70538148148148,9.915062962962963,21.66805925925926,1.793088888888889,0.21488148148148148,1.0,1.0,5.0,7.0,6.0,4.0,4.0,1.0,7.0,7.0,7.0,7.0,1.0,2.0,1.0,,,,,,,,7.43549,59.0,59.0,7.4271725,7.0,4.0
1,day1,mindfulness,all,all,,,,11.318,384440,10.249,71.763,28.35,17.287,6.523,3.643,1.79,18.26,0.826,3.632,4.775,0.35,1.459,432.0,27.0,0.4703806451612903,0.9184129032258065,0.5855354838709677,0.9761064516129032,0.3204258064516129,4.124467741935484,1.8908483870967743,9.370016129032258,0.9756032258064516,0.9184129032258065,0.5378709677419354,19.24453548387097,12.788864516129031,27.27468064516129,1.8830935483870967,0.18130967741935483,1.0,2.0,,,,,,,,,,,,,,7.0,6.0,2.0,1.0,0.0,0.0,4.0,7.06404,,59.0,,7.0,6.5
1,day2,jhana,all,all,,,,4.478,382344,12.018,72.305,30.197,8.196,0.441,0.109,4.044,16.91,0.427,3.771,3.938,0.347,1.047,369.0,31.0,0.4939925925925926,0.9554333333333334,0.6116259259259259,1.0683407407407406,0.3683074074074074,4.278503703703704,1.9958,8.68367037037037,1.0677851851851852,0.9554333333333334,0.37210740740740744,19.171907407407407,7.7560370370370375,16.40394074074074,1.3532703703703703,0.22585925925925926,2.0,2.0,8.0,6.0,6.0,,,4.5,8.0,8.0,,,3.0,,7.0,,,,,,,,7.19053,,59.0,,6.0,5.25
1,day2,mindfulness,all,all,,,,6.004,381936,8.324,74.873,19.397,8.763,3.043,1.308,2.326,18.554,1.019,3.488,4.369,0.667,1.159,389.0,27.0,0.4592827586206897,0.9145758620689656,0.582851724137931,0.9501172413793103,0.3130931034482759,4.196010344827586,1.9559827586206897,9.435727586206896,0.9496241379310345,0.9145758620689656,0.3610758620689655,18.259831034482758,11.960296551724138,25.69991724137931,1.7907275862068965,0.1834551724137931,2.0,1.0,,,,,,,,,,,,,,7.0,7.0,6.0,8.0,0.0,0.0,5.0,7.11586,,59.0,,7.0,7.0
1,day3,jhana,all,all,,,,16.129,386168,15.113,70.174,26.792,10.391,0.426,0.175,2.437,18.089,0.373,3.515,4.03,0.171,1.009,471.0,29.0,0.48531599999999997,0.919464,0.597788,1.013896,0.333472,3.958164,1.9369319999999999,9.113724,1.013388,0.919464,0.408372,14.7723,9.23056,21.791748,1.6818720000000003,0.167884,1.0,1.0,5.0,3.0,3.0,3.0,3.0,2.0,5.0,5.0,5.0,7.0,6.0,3.0,5.0,,,,,,,,6.76958,,59.0,,3.0,2.5
1,day3,mindfulness,all,all,,,,15.621,386480,1.321,68.324,21.277,10.147,4.417,1.303,3.39,17.101,0.521,3.79,4.254,0.129,1.258,371.0,25.0,0.4587137931034483,0.9132172413793104,0.5808862068965518,0.9481724137931035,0.30968620689655174,4.196889655172414,1.897906896551724,9.44468620689655,0.9476862068965517,0.9132172413793104,0.49921724137931034,17.34483103448276,11.601931034482758,25.38466206896552,1.7664310344827587,0.16530344827586207,1.0,2.0,,,,,,,,,,,,,,7.0,4.0,5.0,3.0,0.0,0.0,8.0,7.744,,59.0,,7.0,5.5
1,day4,jhana,all,all,,,,9.588,394768,22.564,69.572,27.731,10.45,0.607,0.258,2.354,15.894,0.752,3.983,3.267,0.18,1.09,462.0,29.0,0.5049034482758621,0.9482172413793104,0.6054862068965517,1.0879724137931033,0.36834137931034483,4.064613793103448,1.967244827586207,8.718627586206896,1.0874310344827587,0.9482172413793104,0.5000827586206896,15.713062068965518,7.460593103448276,16.359206896551722,1.2547793103448277,0.17021724137931035,2.0,2.0,,5.0,6.0,5.0,6.0,3.0,7.5,8.0,8.0,8.0,6.0,,3.5,,,,,,,,7.71663,,59.0,,5.0,4.0
1,day4,mindfulness,all,all,,,,14.731,392776,25.815,73.056,26.806,12.155,3.428,0.701,4.891,15.896,0.589,4.061,3.773,0.091,1.307,473.0,29.0,0.49335357142857145,0.9210035714285715,0.5936857142857143,1.031475,0.3443107142857143,3.8944714285714284,1.935125,9.036528571428573,1.0309535714285714,0.9210035714285715,0.44484285714285715,12.752435714285713,9.551939285714285,22.45785,1.6023535714285713,0.1701,2.0,1.0,,,,,,,,,,,,,,7.0,5.0,6.0,6.0,0.0,0.0,6.0,8.38125,,59.0,,7.0,6.0
2,day1,jhana,all,all,,,,3.611,384640,8.858,65.811,29.712,13.857,2.539,0.294,8.641,7.236,1.039,8.503,1.129,0.137,1.395,415.0,28.0,0.7576086956521739,0.986908695652174,0.7620869565217391,1.691108695652174,0.6958956521739131,2.391686956521739,2.2413304347826086,6.68551304347826,1.6904913043478262,0.986908695652174,0.7667260869565217,3.9541652173913047,2.8797478260869567,4.360778260869565,0.6219695652173913,0.28993478260869565,1.0,2.0,6.0,7.0,8.0,8.0,9.0,5.0,8.0,8.0,8.0,9.0,6.0,4.0,7.0,,,,,,,,7.1741,69.0,69.0,6.86663625,7.0,6.0
2,day1,mindfulness,all,all,,,,8.251,368936,9.919,66.177,33.301,17.739,3.214,0.297,10.827,7.881,0.828,7.732,1.129,0.118,0.884,456.0,23.0,0.6681571428571429,0.9794892857142857,0.6886464285714285,1.5103857142857142,0.5654714285714285,2.873089285714286,2.1768857142857145,7.2818499999999995,1.5097357142857142,0.9794892857142857,0.6922142857142858,4.4356857142857145,5.047332142857143,5.701910714285715,0.6051928571428571,0.19478214285714285,1.0,1.0,,,,,,,,,,,,,,9.0,7.0,3.0,4.0,0.0,0.0,7.0,6.44828,,69.0,,9.0,8.0
2,day2,jhana,all,all,,,,13.079,383472,28.54,70.51,31.692,16.929,4.938,0.467,10.578,7.574,0.702,8.106,1.142,0.088,1.247,353.0,28.0,0.80829375,0.989221875,0.8067125,1.781190625,0.78378125,2.147775,2.427515625,6.366421875,1.78054375,0.989221875,0.7383062499999999,2.716953125,1.608009375,2.5176125,0.434546875,0.27264375,2.0,1.0,7.0,8.0,8.0,7.0,8.0,7.0,7.0,7.0,8.0,9.0,7.0,4.0,6.0,,,,,,,,7.2671,,69.0,,8.0,7.5
2,day2,mindfulness,all,all,,,,9.303,381648,11.594,66.903,22.708,13.737,2.488,0.969,2.569,7.39,0.791,8.209,0.777,0.126,0.865,372.0,32.0,0.7257375,0.982709375,0.73173125,1.6122125,0.6540375,2.564028125,2.352465625,6.876840625,1.6116,0.982709375,0.6805687500000001,2.804275,3.319525,4.621328125,0.561890625,0.248565625,2.0,2.0,,,,,,,,,,,,,,8.0,5.0,7.0,7.0,0.0,0.0,7.0,7.38778,,69.0,,8.0,6.5
2,day3,jhana,all,all,,,,3.552,387744,15.254,70.703,26.052,13.788,3.356,0.721,4.654,7.864,0.717,7.809,1.298,0.094,1.141,463.0,32.0,0.6819862068965518,0.9853689655172414,0.7123275862068965,1.5626206896551724,0.6090551724137931,2.7608620689655172,2.1605413793103447,7.0521206896551725,1.562,0.9853689655172414,0.7109517241379311,6.120862068965517,3.3102275862068966,4.456317241379311,0.5532068965517241,0.27945172413793107,1.0,2.0,7.0,9.0,9.0,8.0,8.0,7.0,7.0,7.0,8.0,8.0,,4.0,7.0,,,,,,,,6.77479,,69.0,,9.0,8.0
2,day3,mindfulness,all,all,,,,6.942,385952,14.046,71.944,26.934,17.522,11.392,1.86,6.124,7.933,0.745,7.652,0.858,0.093,0.828,392.0,29.0,0.6561125,0.982509375,0.701925,1.50235625,0.57255625,2.93815,2.1212375,7.304475,1.501725,0.982509375,0.5448500000000001,5.540834375,3.9024625,4.6185,0.54610625,0.219203125,1.0,1.0,,,,,,,,,,,,,,8.0,6.0,6.0,7.0,0.0,0.0,4.0,6.47792,,69.0,,8.0,7.0
2,day4,jhana,all,all,,,,6.239,387552,19.326,69.2,31.835,18.833,9.345,2.041,4.578,7.782,1.111,7.899,1.324,0.17,1.177,413.0,32.0,0.6065807692307692,0.9831384615384615,0.6717192307692308,1.4185384615384615,0.53105,3.3125923076923076,1.9376076923076924,7.454723076923077,1.4179384615384616,0.9831384615384615,0.5534653846153846,13.887996153846153,3.922053846153846,3.9741961538461537,0.6192884615384616,0.3958423076923077,2.0,1.0,8.5,8.0,8.0,8.0,9.0,7.0,6.0,7.0,7.0,8.0,6.0,4.0,4.0,,,,,,,,6.76268,,69.0,,8.0,7.5
2,day4,mindfulness,all,all,,,,4.012,391320,10.482,68.366,52.483,29.418,0.837,1.556,0.538,7.988,1.185,7.69,1.28,0.123,1.152,411.0,26.0,0.4065068965517242,0.979103448275862,0.4629206896551724,0.9554586206896553,0.31121379310344827,5.548903448275863,1.6478896551724138,8.769996551724137,0.9549103448275862,0.979103448275862,0.31846551724137934,67.80543448275863,6.230055172413793,5.527520689655173,0.6807620689655173,0.2658379310344828,2.0,2.0,,,,,,,,,,,,,,7.0,6.0,5.0,6.0,0.0,0.0,6.0,6.64044,,69.0,,7.0,6.5
3,day1,jhana,all,all,,,,11.85,384096,57.391,78.62,41.529,22.482,14.714,1.939,7.59,5.355,0.507,12.351,2.006,0.122,3.453,279.0,29.0,0.5342866666666667,0.9582433333333333,0.6095,1.1934366666666667,0.38542,3.795266666666667,2.0110366666666666,8.09379,1.1928633333333332,0.9582433333333333,0.55413,28.040623333333333,4.61008,11.679053333333334,1.58035,0.24057666666666666,1.0,2.0,1.0,0.0,2.0,1.0,2.0,0.0,1.0,2.0,1.0,1.0,0.0,4.0,10.0,,,,,,,,8.33433,74.0,74.0,8.31567875,0.0,0.0
3,day1,mindfulness,all,all,,,,15.295,380432,24.971,81.241,38.381,17.955,12.046,2.242,5.373,6.243,0.869,10.636,2.478,0.069,2.807,290.0,30.0,0.5162678571428572,0.9488357142857142,0.62195,1.1450285714285715,0.3661928571428571,3.8929785714285714,1.9870785714285712,7.954317857142857,1.1444714285714286,0.9488357142857142,0.6057392857142857,19.57426785714286,3.4647964285714288,11.293885714285713,1.51155,0.2658357142857143,1.0,1.0,,,,,,,,,,,,,,2.0,2.0,7.0,7.0,0.0,0.0,8.0,8.87163,,74.0,,2.0,2.0
3,day2,jhana,all,all,,,,7.736,383320,24.816,80.956,62.647,87.191,13.218,12.351,1.07,4.381,2.21,14.518,1.38,0.177,2.767,320.0,28.0,0.568184375,0.96219375,0.654921875,1.272371875,0.421403125,3.52698125,2.084953125,7.627015625,1.27178125,0.96219375,0.4294125,12.7813875,3.511840625,13.5292125,1.468834375,0.2855625,2.0,1.0,3.0,0.0,1.0,2.0,3.0,1.0,2.0,3.0,4.0,3.0,2.0,4.0,2.0,,,,,,,,8.07414,,74.0,,0.0,0.5
3,day2,mindfulness,all,all,,,,4.985,380848,10.89,79.112,55.723,46.194,0.929,0.671,1.385,6.213,2.149,11.264,2.859,0.273,3.836,267.0,32.0,0.5659566666666667,0.9630133333333333,0.6672233333333334,1.29172,0.43053,3.476156666666667,2.01004,7.507456666666667,1.2911233333333334,0.9630133333333333,0.5828266666666667,9.860256666666666,3.4412266666666667,13.088246666666667,1.42164,0.29585333333333336,2.0,2.0,,,,,,,,,,,,,,6.0,3.0,2.0,2.0,0.0,0.0,6.0,7.90535,,74.0,,6.0,4.5
3,day3,jhana,all,all,,,,12.854,385616,30.917,73.208,45.46,19.473,14.799,1.334,11.093,3.77,2.006,16.749,1.16,0.277,3.021,292.0,30.0,0.45185185185185184,0.9579185185185186,0.5768,1.0156222222222222,0.31019629629629625,4.6692,1.8501888888888889,8.433085185185185,1.0150666666666668,0.9579185185185186,0.5260259259259259,26.79918888888889,3.954211111111111,11.351303703703705,1.2790037037037036,0.16554814814814817,1.0,2.0,6.0,2.0,3.0,4.0,4.0,2.0,2.0,3.0,4.0,4.0,2.0,3.0,9.0,,,,,,,,8.2915,,74.0,,2.0,2.0
3,day3,mindfulness,all,all,,,,11.463,385464,70.959,75.687,37.392,16.233,16.466,1.821,9.041,4.947,2.278,13.177,1.877,0.206,2.98,180.0,27.0,0.4816,0.9568392857142857,0.6032464285714286,1.0791428571428572,0.3405107142857143,4.4291285714285715,1.900425,8.090760714285715,1.0786035714285716,0.9568392857142857,0.49476785714285715,23.642642857142857,3.7350678571428575,11.682017857142856,1.3188071428571428,0.2951714285714286,1.0,1.0,,,,,,,,,,,,,,5.0,3.0,6.0,6.0,0.0,0.0,5.0,8.63654,,74.0,,5.0,4.0
3,day4,jhana,all,all,,,,9.878,387912,27.002,78.86,37.65,19.819,16.222,2.332,6.956,4.182,0.807,15.109,1.242,0.086,2.792,327.0,28.0,0.4717689655172414,0.9574793103448276,0.5980724137931035,1.070751724137931,0.33451034482758624,4.423303448275862,1.8843103448275864,8.1057,1.0702068965517242,0.9574793103448276,0.46091034482758625,18.892037931034483,2.967486206896552,8.991475862068965,1.188503448275862,0.16334137931034484,2.0,1.0,7.0,2.0,4.0,5.0,4.0,0.0,1.0,2.0,2.0,2.0,0.0,3.0,9.0,,,,,,,,8.37142,,74.0,,2.0,1.0
3,day4,mindfulness,all,all,,,,17.814,389280,26.036,75.445,40.114,17.474,20.231,1.022,19.791,7.598,0.343,9.028,3.013,0.097,3.141,281.0,29.0,0.540252,0.9481040000000001,0.629512,1.179732,0.379816,3.6944,2.091112,8.089127999999999,1.179144,0.9481040000000001,0.544664,15.046759999999999,3.864032,10.392244,1.25538,0.187844,2.0,2.0,,,,,,,,,,,,,,2.0,1.0,3.0,3.0,0.0,0.0,8.0,8.04052,,74.0,,2.0,1.5
4,day1,jhana,all,all,,,,3.274,389432,11.216,60.51,22.568,20.846,2.089,3.222,0.649,19.572,1.125,3.167,3.337,0.203,0.644,404.0,25.0,0.6890625,0.9887208333333333,0.7343625,1.5921083333333332,0.6241208333333333,2.7326916666666663,2.0742708333333333,6.957479166666666,1.5914875000000002,0.9887208333333333,0.49817500000000003,7.3911750000000005,3.194825,2.5901,0.4764,0.2546,2.0,1.0,3.0,5.0,5.0,6.0,5.0,0.0,2.0,2.0,3.0,,1.0,1.0,4.5,,,,,,,,7.42374,114.5,114.5,7.40503375,5.0,2.5
4,day1,mindfulness,all,all,,,,3.193,384480,4.885,58.993,35.858,37.71,7.436,10.082,0.738,17.799,0.848,4.087,6.32,0.129,2.259,433.0,24.0,0.5765041666666667,0.9785208333333334,0.6516416666666667,1.3368916666666666,0.45920416666666664,3.4960541666666667,1.9664083333333335,7.880083333333332,1.3362999999999998,0.9785208333333334,0.579825,7.927883333333333,3.1687,3.4136958333333336,0.3857291666666667,0.12914166666666668,2.0,2.0,,,,,,,,,,,,,,6.0,6.0,5.0,5.0,1.0,0.0,3.5,7.151,,114.5,,6.0,6.0
4,day2,jhana,all,all,,,,5.745,391128,14.85,56.972,24.336,29.268,5.416,10.296,0.526,18.707,0.197,3.389,4.877,0.084,0.817,369.0,24.0,0.6416066666666667,0.9876566666666666,0.6998466666666666,1.4957299999999998,0.57316,3.0231833333333333,2.0335166666666664,7.234873333333334,1.49511,0.9876566666666666,0.6560533333333333,6.7189000000000005,2.3936166666666665,2.3987800000000004,0.35561666666666664,0.18697,1.0,2.0,5.0,6.0,5.0,7.0,7.0,4.0,5.0,5.0,6.0,7.0,,,1.5,,,,,,,,8.20621,,114.5,,6.0,5.0
4,day2,mindfulness,all,all,,,,7.947,383360,7.753,56.852,52.767,31.192,0.285,0.467,0.611,15.53,1.088,4.129,4.295,0.431,1.063,368.0,30.0,0.47552758620689656,0.9707758620689655,0.5797,1.0809,0.35221379310344825,4.747937931034483,1.8552413793103448,8.8966,1.080341379310345,0.9707758620689655,0.2526137931034483,14.282837931034482,5.9399482758620685,3.502493103448276,0.33268275862068963,0.10432068965517241,1.0,1.0,,,,,,,,,,,,,,8.0,7.0,8.0,8.0,0.0,0.0,1.5,7.07907,,114.5,,8.0,7.5
4,day3,jhana,all,all,,,,7.699,388912,9.211,54.973,27.361,24.006,1.351,2.173,0.622,20.081,1.169,3.034,2.543,0.17,0.376,363.0,29.0,0.6964592592592593,0.9897407407407407,0.7340555555555556,1.6006740740740741,0.645662962962963,2.6983407407407407,2.0909185185185186,7.000807407407408,1.6000370370370371,0.9897407407407407,0.5052333333333333,7.5819222222222225,3.2796333333333334,2.7711740740740742,0.44157407407407406,0.2303037037037037,2.0,1.0,7.0,5.0,6.0,6.0,9.0,,5.0,5.0,6.0,8.0,6.0,4.0,1.0,,,,,,,,7.21696,,114.5,,5.0,5.0
4,day3,mindfulness,all,all,,,,6.555,383664,6.652,56.369,23.547,19.266,1.001,1.245,0.804,13.557,1.453,5.04,5.137,0.299,1.729,400.0,27.0,0.5693666666666667,0.9760814814814814,0.6481185185185185,1.3131407407407407,0.44235925925925923,3.5436888888888887,1.9751407407407409,7.95355925925926,1.312525925925926,0.9760814814814814,0.5223296296296296,4.462077777777778,1.8761370370370372,2.539937037037037,0.2748962962962963,0.07954444444444445,2.0,2.0,,,,,,,,,,,,,,9.0,8.5,8.0,7.5,1.0,0.0,0.5,7.09764,,114.5,,9.0,8.75
4,day4,jhana,all,all,,,,6.916,387960,19.424,56.962,29.71,26.844,3.634,4.906,0.741,19.516,0.803,3.207,3.885,1.67,0.746,297.0,27.0,0.34640625,0.9770625,0.45040625,0.763425,0.23779375,7.270325,1.72631875,8.83208125,0.762925,0.9770625,0.344775,59.71181875,5.45044375,3.2388875,0.50854375,0.19285,1.0,2.0,,,6.0,6.0,8.0,7.0,8.0,8.0,7.0,8.0,7.0,4.0,0.5,,,,,,,,7.50135,,114.5,,0.0,7.0
4,day4,mindfulness,all,all,,,,10.08,384856,2.839,55.927,25.778,22.985,2.873,3.337,0.861,18.622,1.543,3.547,4.521,0.504,1.566,227.0,16.0,0.32695384615384615,0.9762538461538461,0.46415384615384614,0.6638307692307692,0.20786923076923078,8.110453846153847,1.8822384615384615,9.237023076923077,0.663376923076923,0.9762538461538461,0.3753615384615384,46.68393076923077,6.329953846153846,3.4596,0.4189230769230769,0.11634615384615385,1.0,1.0,,,,,,,,,,,,,,7.0,4.0,7.0,1.0,0.0,0.0,1.0,7.5643,,114.5,,7.0,5.5
5,day1,jhana,all,all,,,,0.981,389352,3.891,74.871,35.18,13.836,2.181,0.873,2.497,9.305,0.876,6.777,2.614,0.123,1.451,218.0,13.0,0.8123318181818182,0.9895909090909091,0.8399090909090909,1.7980454545454547,0.8033090909090909,2.062181818181818,2.2620999999999998,6.079495454545454,1.7973863636363634,0.9895909090909091,0.7499545454545454,5.591404545454545,1.2472272727272726,2.350240909090909,0.799459090909091,0.37360454545454547,2.0,1.0,,5.0,6.0,6.0,8.0,5.0,5.0,5.0,5.0,7.0,5.0,4.0,5.0,,,,,,,,8.70553,111.0,111.0,8.65554875,5.0,5.0
5,day1,mindfulness,all,all,,,,0.838,384432,2.088,69.914,36.608,22.268,15.526,2.525,6.149,8.473,0.734,7.177,1.011,0.112,0.814,279.0,22.0,0.7186086956521739,0.9831347826086957,0.7472130434782609,1.6244130434782609,0.6321347826086956,2.5577347826086956,2.1075,6.693408695652174,1.623795652173913,0.9831347826086957,0.6820739130434782,6.762313043478261,1.2500869565217392,3.342365217391304,0.6736478260869565,0.23654347826086958,2.0,2.0,,,,,,,,,,,,,,5.0,5.0,2.0,2.0,0.0,0.0,3.0,7.75343,,111.0,,5.0,5.0
5,day2,jhana,all,all,,,,3.439,390624,4.065,70.859,40.704,19.524,7.353,1.441,5.104,8.94,1.975,7.04,2.619,0.304,1.412,358.0,23.0,0.8659966666666666,0.9905433333333333,0.8726066666666666,1.8611966666666668,0.9043500000000001,1.9514266666666666,2.4341999999999997,5.852729999999999,1.8605433333333332,0.9905433333333333,0.48882,4.708646666666667,0.8517733333333334,1.9140366666666668,0.68501,0.4122766666666667,1.0,2.0,,8.0,6.0,6.0,7.0,,5.0,5.0,5.0,6.0,6.0,4.0,5.0,,,,,,,,8.01473,,111.0,,8.0,8.0
5,day2,mindfulness,all,all,,,,6.113,384752,8.326,74.032,35.113,17.944,6.667,2.71,2.46,9.467,2.143,6.475,1.447,0.272,0.929,424.0,30.0,0.8106379310344828,0.9870620689655173,0.8243103448275862,1.7848620689655172,0.7787344827586208,2.1075620689655175,2.2372137931034484,6.196303448275862,1.7842103448275863,0.9870620689655173,0.8301551724137931,3.4177275862068965,0.796051724137931,2.2732275862068962,0.513696551724138,0.22228965517241378,1.0,1.0,,,,,,,,,,,,,,6.0,4.0,3.0,3.0,0.0,0.0,4.0,8.50694,,111.0,,6.0,5.0
5,day3,jhana,all,all,,,,2.993,389416,5.357,81.267,31.756,11.79,0.739,0.669,1.105,10.074,1.387,6.231,2.691,0.251,1.222,364.0,29.0,0.7924555555555556,0.990137037037037,0.8403444444444444,1.7872222222222223,0.8144666666666667,2.0876407407407407,2.190937037037037,6.002462962962962,1.7865777777777778,0.990137037037037,0.8287888888888889,7.021911111111111,1.2252555555555555,2.443762962962963,0.7430925925925926,0.45077407407407405,2.0,1.0,,6.0,7.0,8.0,9.0,9.0,5.0,5.0,7.0,7.0,7.0,4.0,6.0,,,,,,,,9.04134,,111.0,,6.0,7.5
5,day3,mindfulness,all,all,,,,2.469,385424,5.58,72.879,37.072,19.48,3.229,2.055,1.571,9.558,1.416,6.372,1.291,0.22,0.736,313.0,27.0,0.673525925925926,0.9852814814814814,0.7429888888888889,1.5472074074074074,0.6084444444444445,2.792229629629629,2.1062925925925926,6.701740740740741,1.5465851851851853,0.9852814814814814,0.6693148148148148,7.833925925925926,1.3183111111111112,3.7155592592592592,0.674137037037037,0.24812592592592592,2.0,2.0,,,,,,,,,,,,,,3.0,3.0,2.0,1.0,0.0,0.0,3.0,8.86944,,111.0,,3.0,3.0
5,day4,jhana,all,all,,,,5.163,388080,6.603,62.663,45.106,25.997,4.541,1.788,2.54,8.995,0.841,6.942,1.916,0.143,1.41,365.0,27.0,0.8866137931034482,0.9904172413793104,0.8900482758620689,1.8944862068965518,0.9564758620689655,1.776151724137931,2.484444827586207,5.833606896551724,1.893806896551724,0.9904172413793104,0.8663172413793103,4.0451310344827585,1.163213793103448,2.3650206896551724,0.731848275862069,0.5216310344827586,1.0,2.0,,7.0,7.0,9.0,9.0,,6.0,6.0,7.0,7.0,6.0,4.0,,,,,,,,,9.15459,,111.0,,7.0,7.0
5,day4,mindfulness,all,all,,,,7.852,381432,1.509,71.875,34.382,18.658,1.737,2.26,0.768,9.613,1.025,6.31,1.014,0.183,0.656,420.0,29.0,0.7497307692307692,0.9846269230769231,0.7935192307692307,1.6779115384615386,0.6973769230769231,2.3890653846153844,2.196238461538462,6.466496153846153,1.6772653846153847,0.9846269230769231,0.6369807692307692,3.0475423076923076,0.8117961538461539,2.3993615384615383,0.45286923076923075,0.17774230769230767,1.0,1.0,,,,,,,,,,,,,,5.0,4.0,2.0,2.0,0.0,0.0,4.0,9.19839,,111.0,,5.0,4.5
6,day1,jhana,all,all,,,,7.581,383152,18.708,77.779,44.555,19.168,0.677,0.163,4.141,8.602,1.416,7.823,3.257,0.33,2.386,426.0,26.0,0.7915766666666666,0.97656,0.8051833333333334,1.7316133333333332,0.7305566666666666,2.1707233333333336,2.1834166666666666,6.295213333333334,1.7309833333333333,0.97656,0.8694733333333333,20.74334,4.580896666666666,14.555366666666666,3.0811966666666666,2.47081,2.0,1.0,3.0,5.0,5.0,5.0,4.0,4.0,5.0,5.0,5.0,4.0,2.5,3.0,5.0,,,,,,,,8.3006,52.0,52.0,8.347085,5.0,4.5
6,day1,mindfulness,all,all,,,,3.947,390512,40.514,72.734,78.78,22.603,2.458,0.812,3.029,11.07,1.076,5.697,2.803,0.145,1.141,439.0,30.0,0.6448133333333333,0.9743033333333333,0.6780466666666667,1.45036,0.53337,2.948806666666667,2.052906666666667,7.28075,1.44975,0.9743033333333333,0.48341666666666666,17.282286666666668,4.263366666666666,17.852846666666668,1.5953033333333333,0.5369266666666667,2.0,2.0,,,,,,,,,,,,,,8.0,7.0,6.0,4.0,0.0,0.0,3.0,8.60949,,52.0,,8.0,7.5
6,day2,jhana,all,all,,,,12.026,379064,9.073,70.56,41.769,19.202,8.575,0.616,13.914,6.37,1.634,9.823,1.568,0.376,1.754,239.0,30.0,0.9158448275862069,0.971248275862069,0.8810793103448277,1.9068172413793103,0.9261586206896552,1.6371172413793103,2.3611241379310344,5.840975862068965,1.906193103448276,0.971248275862069,0.6545793103448276,9.897655172413792,3.9369344827586206,11.640537931034483,6.608775862068966,7.117855172413793,1.0,2.0,8.0,6.0,7.0,7.0,,,8.0,8.0,8.0,,,3.0,3.0,,,,,,,,8.42147,,52.0,,6.0,6.0
6,day2,mindfulness,all,all,,,,13.894,366440,52.334,68.546,27.267,17.25,3.026,1.792,1.689,10.425,1.887,5.953,2.125,2.856,1.041,413.0,29.0,0.6856766666666666,0.96307,0.69839,1.5004433333333334,0.56037,2.67546,2.1637133333333334,7.05427,1.4998399999999998,0.96307,0.6806033333333333,9.844706666666667,5.979846666666666,19.087983333333334,1.88325,0.66112,1.0,1.0,,,,,,,,,,,,,,8.0,5.0,8.0,5.0,0.0,0.0,3.0,8.61821,,52.0,,8.0,6.5
6,day3,jhana,all,all,,,,9.856,400712,29.994,70.274,41.143,21.223,4.8,0.602,7.967,6.322,1.308,10.124,1.85,0.296,2.374,435.0,30.0,0.7303678571428571,0.9749678571428572,0.7874642857142857,1.6409749999999999,0.6612964285714286,2.393575,2.080825,6.40125,1.6403321428571427,0.9749678571428572,0.6877535714285715,24.162074999999998,3.8201964285714287,12.638685714285714,2.861067857142857,2.277135714285714,2.0,1.0,5.0,7.0,7.0,6.0,7.0,7.0,8.0,8.0,6.0,8.0,,4.0,1.5,,,,,,,,7.53217,,52.0,,7.0,7.0
6,day3,mindfulness,all,all,,,,8.431,386368,12.908,67.45,32.562,21.685,16.14,5.233,3.084,8.752,0.989,6.978,1.211,0.192,0.91,332.0,28.0,0.5471433333333333,0.9675499999999999,0.6276433333333333,1.2547033333333333,0.4194333333333333,3.6437866666666663,1.91,7.937703333333333,1.25411,0.9675499999999999,0.53584,21.159666666666666,3.917616666666667,16.448923333333333,1.28476,0.36522333333333334,2.0,2.0,,,,,,,,,,,,,,8.0,6.0,7.0,4.0,0.0,0.0,5.0,8.5357,,52.0,,8.0,7.0
6,day4,jhana,all,all,,,,6.583,384344,6.951,73.423,44.574,29.464,4.924,1.921,2.563,8.87,0.527,7.377,2.758,0.193,2.101,412.0,30.0,0.7014714285714285,0.9740035714285715,0.7662107142857143,1.581175,0.6156357142857143,2.6052392857142856,2.043271428571429,6.599589285714286,1.5805428571428572,0.9740035714285715,0.7046964285714286,19.670617857142854,4.293132142857143,12.546296428571427,2.729735714285714,1.8249142857142857,1.0,2.0,8.0,9.0,9.0,9.0,7.5,7.0,8.5,8.5,8.5,8.0,8.0,3.5,2.5,,,,,,,,8.17663,,52.0,,9.0,8.0
6,day4,mindfulness,all,all,,,,10.857,388904,1.635,70.352,26.564,15.334,5.657,2.572,2.199,10.51,1.119,5.843,1.732,0.135,0.855,342.0,28.0,0.43334,0.9694633333333333,0.5606933333333333,0.9971733333333334,0.31488333333333335,4.996786666666667,1.7768766666666667,8.442953333333334,0.9966266666666667,0.9694633333333333,0.44014000000000003,41.806396666666664,5.994726666666667,17.12836,1.27616,0.3383733333333333,1.0,1.0,,,,,,,,,,,,,,9.0,8.5,8.0,7.0,0.0,0.0,3.0,8.58241,,52.0,,9.0,8.75
7,day1,jhana,all,all,,,,3.685,382600,6.057,94.434,47.686,10.741,0.332,0.049,6.727,7.514,1.071,8.228,1.317,0.225,1.439,426.0,30.0,0.790225,0.9893041666666668,0.8162041666666666,1.7953291666666666,0.7683166666666666,2.1320375,2.1618291666666667,6.0953124999999995,1.7947125,0.9893041666666668,0.7228208333333334,8.9685,1.9223625,2.072341666666667,0.8514,0.443025,2.0,1.0,8.0,4.0,4.0,4.0,5.5,3.5,4.0,4.0,5.0,6.0,3.5,4.0,8.0,,,,,,,,7.9877,58.0,58.0,8.47616,4.0,3.75
7,day1,mindfulness,all,all,,,,5.878,390416,3.619,74.634,31.303,18.369,2.002,1.791,1.118,16.465,0.951,3.766,2.693,0.133,0.786,447.0,24.0,0.7401208333333332,0.9834125,0.7775916666666666,1.6950458333333334,0.678125,2.3329958333333334,2.11695,6.337258333333334,1.6943916666666665,0.9834125,0.6682166666666666,9.710941666666667,1.9889291666666666,2.5760083333333332,0.900975,0.36533333333333334,2.0,2.0,,,,,,,,,,,,,,7.0,4.0,0.0,0.0,0.0,0.0,7.0,8.02454,,58.0,,7.0,5.5
7,day2,jhana,all,all,,,,13.278,390240,7.533,74.243,51.34,20.722,2.41,0.153,15.754,6.074,0.859,10.144,1.013,0.101,1.628,428.0,24.0,0.6365217391304349,0.9920217391304348,0.7118826086956522,1.5334695652173915,0.5847304347826087,2.916004347826087,2.0474391304347823,6.4557086956521745,1.5328086956521738,0.9920217391304348,0.40263043478260874,15.269152173913042,2.263904347826087,2.2175521739130435,0.6645478260869565,0.3184391304347826,1.0,2.0,10.0,8.0,7.0,8.0,8.0,5.5,6.0,7.0,6.0,7.0,4.5,4.0,5.0,,,,,,,,8.42613,,58.0,,8.0,6.75
7,day2,mindfulness,all,all,,,,4.448,364016,1.816,76.248,28.551,16.73,1.848,2.049,0.902,15.307,1.489,4.003,2.132,0.19,0.622,328.0,23.0,0.31704375,0.980434375,0.45616875,0.69804375,0.21763749999999998,7.4682031250000005,1.818378125,7.7963000000000005,0.69755625,0.980434375,0.21918125,67.267203125,4.481825,3.6312625,0.86296875,0.26275,1.0,1.0,,,,,,,,,,,,,,8.0,6.0,4.0,2.0,0.0,0.0,5.5,8.44916,,58.0,,8.0,7.0
7,day3,jhana,all,all,,,,3.615,398496,15.265,82.814,37.952,15.866,3.169,0.777,4.08,8.426,1.365,7.522,2.139,0.178,1.73,49.0,32.0,0.8280535714285715,0.9910607142857143,0.85135,1.8387785714285714,0.8595785714285714,1.9771214285714287,2.2606142857142855,5.976532142857144,1.8381142857142856,0.9910607142857143,0.7822464285714286,7.754892857142857,1.9122571428571429,2.211314285714286,0.8045035714285714,0.4638071428571428,2.0,1.0,10.0,7.0,6.5,7.0,8.0,7.0,4.0,4.0,5.0,7.0,,4.0,3.0,,,,,,,,8.91713,,58.0,,7.0,7.0
7,day3,mindfulness,all,all,,,,1.969,384216,2.446,74.43,33.3,20.295,2.637,6.116,0.431,11.708,1.651,5.252,1.943,0.146,0.791,492.0,28.0,0.7151370370370371,0.9794481481481482,0.7677851851851852,1.6215148148148149,0.6309481481481481,2.5114814814814816,2.1186444444444446,6.653333333333332,1.6208703703703704,0.9794481481481482,0.6817962962962963,7.408814814814815,2.2022037037037037,5.275818518518519,0.9660333333333333,0.322062962962963,2.0,2.0,,,,,,,,,,,,,,2.0,3.0,0.0,0.0,0.0,0.0,2.0,8.29421,,58.0,,2.0,2.5
7,day4,jhana,all,all,,,,9.111,384440,35.312,77.391,36.778,16.468,9.337,1.684,5.546,7.267,1.385,8.791,2.009,0.137,2.042,475.0,27.0,0.880434375,0.9917125,0.862421875,1.913246875,0.90454375,1.842984375,2.31446875,5.9752625,1.91259375,0.9917125,0.768703125,3.05681875,1.3755875,2.917128125,0.623765625,0.316159375,1.0,2.0,10.0,7.0,8.0,8.0,7.5,6.5,4.0,6.5,6.5,7.0,,4.0,3.5,,,,,,,,8.71603,,58.0,,7.0,6.75
7,day4,mindfulness,all,all,,,,8.914,388984,2.968,83.268,22.863,11.892,2.061,1.466,1.406,14.534,1.383,4.29,2.695,0.168,0.89,483.0,32.0,0.626840625,0.977190625,0.704025,1.440678125,0.518978125,3.047375,2.062321875,7.256384375,1.4400718750000001,0.977190625,0.684853125,6.3077625,1.98525625,4.9759,0.752053125,0.14854375,1.0,1.0,,,,,,,,,,,,,,3.5,2.5,1.0,0.0,0.0,0.0,6.7,8.99438,,58.0,,3.5,3.0
8,day1,jhana,all,all,,,,1.233,385984,19.071,96.153,22.814,10.392,5.3,0.733,7.234,10.68,0.931,6.184,4.124,0.311,1.651,457.0,32.0,0.748312,0.987868,0.7748520000000001,1.664076,0.69634,2.369912,2.32146,6.60274,1.66344,0.987868,0.705396,13.202,4.0535,10.415384,1.438688,0.6779000000000001,1.0,2.0,,7.0,5.0,,,5.0,6.0,,,,,1.0,3.0,,,,,,,,6.9532,66.0,66.0,7.90395875,7.0,6.0
8,day1,mindfulness,all,all,,,,1.359,383688,27.783,100.673,15.811,6.3,12.652,3.724,3.397,11.175,1.612,5.503,2.251,0.538,0.735,409.0,25.0,0.715592,0.986028,0.756268,1.6103239999999999,0.639244,2.540828,2.237092,6.711867999999999,1.609716,0.986028,0.6634680000000001,12.621212,3.925888,10.501164000000001,1.49038,0.556984,1.0,1.0,,,,,,,,,,,,,,8.0,6.0,4.0,6.0,0.0,0.0,6.0,8.0116,,66.0,,8.0,7.0
8,day2,jhana,all,all,,,,0.57,391336,1.199,81.201,34.935,15.229,0.891,0.669,1.332,11.727,1.886,5.231,1.864,0.286,0.753,333.0,25.0,0.603853125,0.986603125,0.713859375,1.336021875,0.596896875,3.46886875,2.51780625,6.824171875,1.33545625,0.986603125,0.599840625,27.718325,4.064903125,5.62185,1.07605625,0.86495,2.0,2.0,,8.0,9.0,,,8.0,7.0,8.0,,,,,2.0,,,,,,,,7.90165,,66.0,,8.0,8.0
8,day2,mindfulness,all,all,,,,0.276,385784,0.816,86.186,32.913,14.886,6.062,3.977,1.524,11.735,1.461,5.186,1.659,0.223,0.563,371.0,32.0,0.5765857142857144,0.9810107142857143,0.6733035714285714,1.2981178571428573,0.5032607142857143,3.582153571428571,2.24035,7.302835714285714,1.2975428571428573,0.9810107142857143,0.5709892857142858,24.967664285714285,3.644632142857143,7.825271428571428,1.072417857142857,0.386625,2.0,1.0,,,,,,,,,,,,,,9.0,7.0,2.0,1.0,0.0,0.0,6.0,8.28605,,66.0,,9.0,8.0
8,day3,jhana,all,all,,,,2.074,391456,7.04,88.681,18.188,7.167,7.266,1.18,6.156,12.912,1.287,4.755,2.225,0.193,0.693,264.0,28.0,0.7143464285714286,0.9848821428571428,0.7597785714285715,1.5871607142857143,0.6719142857142858,2.540907142857143,2.379778571428571,6.681535714285714,1.586517857142857,0.9848821428571428,0.40515357142857145,12.59430357142857,3.2027714285714284,8.462567857142856,1.2402214285714286,0.6368357142857143,1.0,2.0,,6.0,6.0,,,,5.0,6.0,,,,2.0,1.0,,,,,,,,7.51016,,66.0,,6.0,6.0
8,day3,mindfulness,all,all,,,,2.938,390840,14.773,94.056,17.233,8.172,15.029,9.861,1.524,11.163,1.607,5.424,1.379,0.181,0.439,477.0,28.0,0.6003793103448276,0.9808103448275862,0.6949344827586207,1.3821344827586206,0.5117206896551724,3.2062586206896553,2.113462068965517,7.1209310344827585,1.3815206896551724,0.9808103448275862,0.6713620689655172,16.99526896551724,3.2680000000000002,7.728831034482758,1.1779344827586207,0.3713896551724138,1.0,1.0,,,,,,,,,,,,,,9.0,7.0,4.0,3.0,0.0,0.0,6.0,7.94653,,66.0,,9.0,8.0
8,day4,jhana,all,all,,,,2.039,386488,5.651,90.789,16.853,7.513,12.131,1.928,6.293,11.939,0.69,5.075,1.3,0.085,0.492,353.0,29.0,0.501759375,0.98048125,0.6354625,1.1785125,0.412915625,4.117375,1.9680125,7.399246875,1.17793125,0.98048125,0.62285,26.196728125,3.415690625,6.9840656249999995,1.0496343750000001,0.354359375,2.0,1.0,,1.0,2.0,,,,6.0,7.0,,,,2.0,2.0,,,,,,,,8.48303,,66.0,,1.0,1.0
8,day4,mindfulness,all,all,,,,5.098,389768,14.379,83.048,21.502,9.632,14.336,4.734,3.028,11.137,0.809,5.496,2.241,0.155,0.623,418.0,32.0,0.5134172413793103,0.9806103448275862,0.6496206896551724,1.1881862068965516,0.4288689655172414,3.99841724137931,2.0553379310344826,7.382648275862069,1.1876310344827585,0.9806103448275862,0.3907689655172414,22.5268,3.3186310344827588,7.059168965517242,1.0451724137931033,0.34321724137931037,2.0,2.0,,,,,,,,,,,,,,6.0,4.0,2.0,1.0,0.0,0.0,6.0,8.13945,,66.0,,6.0,5.0
9,day1,jhana,all,all,,,,2.671,385232,5.105,86.12,36.448,28.746,15.871,5.016,3.164,8.266,0.889,7.392,1.102,0.065,1.023,397.0,29.0,0.5615230769230769,0.9792423076923077,0.6467346153846154,1.3362769230769231,0.45447692307692306,3.4919846153846157,1.8772807692307691,7.212711538461538,1.335673076923077,0.9792423076923077,0.4061,12.949457692307693,1.9508692307692308,2.7388115384615386,0.6081769230769231,0.2096346153846154,1.0,2.0,7.0,4.0,5.0,7.0,,5.5,2.0,2.0,4.0,,3.0,3.0,2.0,,,,,,,,7.69075,51.0,51.0,8.0372975,4.0,4.75
9,day1,mindfulness,all,all,,,,5.015,385192,18.056,89.612,31.93,19.963,4.675,0.519,9.01,7.615,1.111,7.919,0.531,0.063,0.575,374.0,26.0,0.5250900000000001,0.9676166666666667,0.61352,1.19573,0.39549666666666666,4.074236666666667,1.91272,7.822946666666667,1.1951433333333334,0.9676166666666667,0.49881,17.690436666666663,2.7180833333333334,8.11668,0.85607,0.21094,1.0,1.0,,,,,,,,,,,,,,6.0,4.0,2.0,1.0,0.0,0.0,8.0,7.73661,,51.0,,6.0,5.0
9,day2,jhana,all,all,,,,4.517,388472,5.045,85.536,37.364,24.294,11.158,2.038,5.474,7.753,0.458,7.826,0.819,0.046,0.841,264.0,30.0,0.6718999999999999,0.979776,0.7065359999999999,1.533408,0.564992,2.788284,2.038708,7.019743999999999,1.5327799999999998,0.979776,0.675928,8.57024,2.163176,4.73512,0.746284,0.22946000000000003,2.0,1.0,,3.0,4.0,3.0,,,1.0,2.0,4.0,,2.0,,4.0,,,,,,,,8.15819,,51.0,,3.0,3.0
9,day2,mindfulness,all,all,,,,8.858,384048,0.665,77.592,40.453,35.543,10.241,2.563,3.996,7.398,0.495,8.162,0.598,0.04,0.644,357.0,25.0,0.588236,0.9761320000000001,0.631696,1.35792,0.465736,3.379704,1.9673640000000001,7.667684,1.357312,0.9761320000000001,0.586088,9.73144,2.1236520000000003,5.447424,0.550996,0.138832,2.0,2.0,,,,,,,,,,,,,,,,1.0,0.0,0.0,0.0,4.0,8.164,,51.0,,0.0,
9,day3,jhana,all,all,,,,7.7,389728,3.446,78.611,49.753,45.541,7.567,1.736,4.359,7.384,1.51,8.176,0.58,0.083,0.65,418.0,25.0,0.6992461538461539,0.9832,0.7328038461538462,1.60035,0.6209807692307692,2.621426923076923,2.0475846153846153,6.7707423076923074,1.5997307692307694,0.9832,0.8246692307692308,6.517438461538461,1.6325884615384614,1.6536,0.50785,0.19769615384615385,1.0,2.0,8.0,4.0,,,,5.0,,,,,,1.0,5.0,,,,,,,,8.09032,,51.0,,4.0,4.5
9,day3,mindfulness,all,all,,,,5.5,387632,28.085,84.569,41.841,33.135,10.582,1.524,6.942,8.049,1.543,7.506,0.663,0.063,0.636,464.0,26.0,0.6425814814814814,0.9722333333333333,0.6722888888888889,1.4560444444444445,0.5235111111111111,2.954214814814815,2.0356148148148145,7.33127037037037,1.4554555555555555,0.9722333333333333,0.661462962962963,7.718696296296296,2.095314814814815,7.746362962962963,0.8109407407407407,0.20945925925925926,1.0,1.0,,,,,,,,,,,,,,8.0,,1.5,0.0,0.0,0.0,5.0,8.40437,,51.0,,8.0,8.0
9,day4,jhana,all,all,,,,3.995,388112,20.784,88.819,46.468,27.292,11.355,1.128,10.065,7.596,1.234,7.995,0.832,0.095,0.886,400.0,27.0,0.6899620689655173,0.9795241379310344,0.7177724137931034,1.5718827586206898,0.5920689655172414,2.6594172413793102,2.0359275862068964,6.895306896551724,1.571251724137931,0.9795241379310344,0.7290344827586207,5.3952620689655175,1.636251724137931,4.469189655172414,0.6380586206896551,0.19971724137931035,1.0,1.0,4.0,4.0,5.0,6.0,6.0,4.0,2.0,2.0,3.0,4.0,4.0,4.0,,,,,,,,,7.87727,,51.0,,4.0,4.0
9,day4,mindfulness,all,all,,,,6.175,389784,15.668,79.884,48.335,28.734,8.4,0.354,23.754,7.928,1.197,7.895,4.067,0.093,0.903,290.0,29.0,0.6209535714285714,0.9735964285714286,0.6622928571428571,1.4226107142857143,0.4985214285714286,3.1118214285714285,1.972,7.441357142857143,1.4220142857142857,0.9735964285714286,0.6427392857142857,6.748385714285715,1.7702000000000002,4.895775,0.5500464285714285,0.13937857142857143,1.0,2.0,,,,,,,,,,,,,,9.0,2.0,0.0,0.0,0.0,0.0,9.0,8.17687,,51.0,,9.0,5.5
10,control,control,all,all,,,,9.406,385000,2.288,68.834,27.808,11.523,2.636,0.296,8.907,7.043,1.293,9.149,2.252,0.218,2.235,355.0,25.0,0.614256,0.967528,0.690252,1.40256,0.495612,3.1586200000000004,1.980812,7.3778880000000004,1.401928,0.967528,0.529664,8.155692,2.727324,7.793352,0.782012,0.288236,,,,,,,,,,,,,,,,6.0,7.0,2.0,3.0,0.0,0.0,2.0,,51.0,51.0,,,
11,control,control,all,all,,,,8.031,385792,3.743,65.883,44.077,21.801,11.579,0.839,13.807,7.782,0.782,9.036,3.574,0.204,3.126,380.0,24.0,0.7020791666666667,0.9805958333333334,0.7474,1.5948458333333333,0.6115875000000001,2.6502,2.0424916666666664,6.955191666666667,1.5942166666666668,0.9805958333333334,0.7566333333333333,5.0375625,3.8481791666666667,4.1239875,0.7124458333333333,0.31574583333333334,,,,,,,,,,,,,,,,6.0,5.0,7.0,5.0,0.0,0.0,5.0,,41.0,41.0,,,
20,control,control,all,all,,,,16.668,401752,1.131,60.004,38.05,48.901,6.038,18.163,0.332,10.286,0.573,5.933,1.308,0.081,0.792,289.0,29.0,0.5298241379310344,0.9663620689655172,0.6463413793103449,1.2075655172413793,0.3995206896551724,3.894058620689655,1.957141379310345,7.951541379310345,1.2069862068965518,0.9663620689655172,0.5405310344827586,10.225906896551725,3.636651724137931,6.531265517241379,0.8964275862068966,0.15395862068965518,,,,,,,,,,,,,,,,9.0,6.0,4.0,2.0,0.0,0.0,5.0,,59.0,59.0,,,
21,control,control,all,all,,,,4.962,391608,4.865,63.574,61.432,31.956,4.676,1.185,3.947,11.123,0.979,5.515,1.768,0.151,0.789,385.0,29.0,0.5346689655172414,0.9223827586206896,0.6182241379310345,1.134196551724138,0.3665793103448276,3.409520689655172,2.008210344827586,8.529758620689655,1.1336620689655172,0.9223827586206896,0.5061103448275862,11.9722,12.344455172413792,21.524472413793102,1.5342310344827585,0.361651724137931,,,,,,,,,,,,,,,,8.0,6.0,8.0,6.0,0.0,0.0,6.0,,65.0,65.0,,,
22,control,control,all,all,,,,5.284,390632,0.581,72.366,25.861,8.884,1.201,0.373,3.218,19.123,0.331,3.219,2.892,0.095,0.566,438.0,23.0,0.5163260869565217,0.9377652173913044,0.6090608695652174,1.1276478260869565,0.3539608695652174,3.7546521739130436,1.9170478260869566,8.764347826086956,1.127095652173913,0.9377652173913044,0.5909260869565217,13.513760869565218,13.236899999999999,15.554108695652175,1.3879565217391305,0.21126521739130433,,,,,,,,,,,,,,,,9.0,3.0,5.0,0.0,1.0,0.0,9.0,,93.0,93.0,,,
12,control,control,all,all,,,,5.005,385528,23.842,75.457,28.408,25.223,1.047,1.227,0.853,20.528,0.159,3.256,6.621,0.07,1.15,401.0,26.0,0.7727461538461539,0.9880807692307693,0.7834423076923076,1.6838961538461539,0.7678,2.258369230769231,2.3293423076923077,6.612923076923077,1.6832461538461538,0.9880807692307693,0.7963461538461539,17.766107692307692,5.568134615384616,16.528076923076924,1.8010692307692306,1.0501423076923078,,,,,,,,,,,,,,,,8.0,8.0,8.0,8.0,8.0,6.0,1.0,,99.0,99.0,,,
13,control,control,all,all,,,,4.761,408104,0.58,91.51,19.12,7.356,2.437,1.023,2.382,11.316,0.701,5.899,3.732,0.097,1.938,416.0,26.0,0.8151769230769231,0.9868615384615385,0.8031192307692308,1.805619230769231,0.7826230769230769,2.1115076923076925,2.149023076923077,6.206753846153846,1.804980769230769,0.9868615384615385,0.781473076923077,5.886269230769231,1.1967653846153845,6.3800346153846155,0.9330307692307692,0.5154576923076923,,,,,,,,,,,,,,,,8.0,,6.0,0.0,0.0,0.0,,,59.0,59.0,,,
14,control,control,all,all,,,,11.82,407856,7.971,70.623,63.808,45.074,1.101,1.206,0.913,16.269,1.017,3.736,1.93,0.408,0.421,458.0,29.0,0.5612896551724138,0.9354758620689655,0.6691413793103449,1.204596551724138,0.39861034482758617,3.3290310344827585,2.0857655172413794,7.83873448275862,1.2040241379310344,0.9354758620689655,0.5857206896551724,11.267975862068965,3.373162068965517,4.363393103448276,1.2946448275862068,0.28133448275862066,,,,,,,,,,,,,,,,6.0,1.0,0.0,0.0,0.0,0.0,10.0,,48.0,48.0,,,
15,control,control,all,all,,,,7.092,395520,48.074,72.633,74.514,23.401,4.338,0.294,14.764,10.526,0.299,6.443,3.998,0.124,2.18,435.0,30.0,0.4262633333333333,0.9457633333333334,0.5377733333333333,0.9174166666666667,0.29314666666666667,5.3702499999999995,1.8755333333333333,9.37127,0.9168933333333332,0.9457633333333334,0.5949000000000001,34.59435,7.287263333333333,18.581233333333333,0.90981,0.12334,,,,,,,,,,,,,,,,8.5,7.0,4.5,10.0,0.0,0.0,10.0,,78.5,78.5,,,
16,control,control,all,all,,,,9.409,395120,3.476,57.159,46.181,25.003,1.219,0.459,2.656,19.229,1.408,3.169,2.249,0.286,0.432,355.0,28.0,0.8075714285714286,0.9918821428571428,0.7952821428571429,1.80165,0.7988035714285714,2.1257678571428573,2.180789285714286,6.265139285714286,1.8010107142857144,0.9918821428571428,0.7193928571428572,11.532992857142858,2.9661714285714287,10.722335714285714,1.242117857142857,0.7291142857142857,,,,,,,,,,,,,,,,6.0,1.0,7.0,0.0,0.0,0.0,9.0,,56.0,56.0,,,
17,control,control,all,all,,,,4.938,386616,1.554,59.136,50.379,43.832,7.695,8.963,0.859,12.293,0.947,5.07,2.563,0.167,0.952,381.0,30.0,0.49806666666666666,0.95015,0.5965466666666667,1.07277,0.34243666666666667,4.15234,2.120083333333333,8.979903333333334,1.0722166666666666,0.95015,0.45637333333333335,18.40956,13.196243333333333,11.554606666666666,1.0412899999999998,0.12754000000000001,,,,,,,,,,,,,,,,7.0,5.5,5.0,3.5,0.0,0.0,7.0,,78.0,78.0,,,
18,control,control,all,all,,,,11.994,386352,0.615,75.673,31.864,18.79,2.662,1.328,2.005,14.081,0.164,5.089,6.679,0.093,1.984,392.0,29.0,0.5431965517241379,0.9656379310344827,0.6496,1.229503448275862,0.3994586206896552,3.741634482758621,2.0408793103448275,7.862579310344828,1.2289206896551723,0.9656379310344827,0.545696551724138,8.453386206896552,2.558889655172414,2.0811758620689655,0.5874241379310344,0.09861379310344827,,,,,,,,,,,,,,,,8.0,6.0,0.0,1.0,0.0,0.0,2.0,,64.0,64.0,,,
19,control,control,all,all,,,,8.285,401952,3.126,58.943,26.814,15.699,5.397,3.905,1.382,11.111,0.605,5.605,2.291,0.099,1.05,391.0,24.0,0.642125,0.9792458333333333,0.6895041666666666,1.4693916666666667,0.5339875,2.9935125,2.0256374999999998,7.2691375,1.4687666666666666,0.9792458333333333,0.7425833333333333,13.565150000000001,3.1696375,11.296604166666667,1.1128041666666666,0.35263333333333335,,,,,,,,,,,,,,,,6.0,7.0,0.0,0.0,1.0,1.0,2.0,,64.0,64.0,,,
